sequence,status
gaacgcaatgaaatgtgggtacaaaaaaggacatggtgacgacaatttac,0
cccatggcctcccccttgtgaaacccgcaaccccaaccggcacaaccggc,0
gatggtgaagatgatgacaacgtcgacgatgaaggcggcggcagtgacga,0
aaaaaatcgcagaagatttttctaaaaacccccagtttttacgatggttc,0
aaaacagtggtgccaaaacaaacgaatccccctcagcctccagtgataca,0
aaagaaggagacaaggcaacaagtggaataggtggatgtaatcccaaaaa,0
ggcaccaccagcacccactggagaaagtctcgctcgttatttaccaccac,0
aagagggacgtataaccttggaggtcaaggagaccaattggatgccacat,0
gctcaatggtagcctcgaaagtgacagtgacgatcccgaaaaacaattaa,0
atacctgatggtttcttgcgtcaaatgttctatacattagcagactacaa,0
taaaatagaaacgtatccatcctcaactagtggcagcgaacagtgtacca,0
gtactttttctggttattggtgcggccattatgaaggtgctcctcctacc,1
ttaagagaattagcaaaatcaaatgcaggtgctacagatgaaatcaaact,1
taatgatcctgacaaaacattttcgcattcacagtattgtaaatcatgtc,1
tcaaaacactaaaggaagaaaattaacccaggtgaagttgcatagaattt,1
tatattaaagatataggaaaagatttatgtatacctccaagacgaaaata,1
